133.431890564/38.15804462775,133.436144104/38.15804462775,133.440397644/38.15804462775,133.4446511841/38.15804462775,133.4489047241/38.15804462775,133.4531582642/38.15804462775,133.4574118042/38.15804462775,133.4616653442/38.15804462775,133.4659188843/38.15804462775,133.4701724243/38.15804462775,133.4744259644/38.15804462775,133.4786795044/38.15804462775,133.4829330444/38.15804462775,133.4871865845/38.15804462775,133.4914401245/38.15804462775,133.4956936646/38.15804462775,133.4999472046/38.15804462775,133.5042007446/38.15804462775,133.5084542847/38.15804462775,133.5127078247/38.15804462775,133.5169613647/38.15804462775,133.5212149048/38.15804462775,133.5254684448/38.15804462775,133.5297219849/38.15804462775,133.5339755249/38.15804462775,133.5382290649/38.15804462775,133.542482605/38.15804462775,133.546736145/38.15804462775,133.5509896851/38.15804462775,133.5552432251/38.15804462775,133.5594967651/38.15804462775,133.5637503052/38.15804462775,133.5680038452/38.15804462775,133.5722573853/38.15804462775,133.5765109253/38.15804462775,133.5807644653/38.15804462775,133.5850180054/38.15804462775,133.5892715454/38.15804462775,133.5935250854/38.15804462775,133.5977786255/38.15804462775,133.6020321655/38.15804462775,133.6062857056/38.15804462775,133.6105392456/38.15804462775,133.6147927856/38.15804462775,133.6190463257/38.15804462775,133.6232998657/38.15804462775,133.6275534058/38.15804462775,133.6318069458/38.15804462775,133.6360604858/38.15804462775,133.6403140259/38.15804462775
133.431890564/38.16097003789,133.436144104/38.16097003789,133.440397644/38.16097003789,133.4446511841/38.16097003789,133.4489047241/38.16097003789,133.4531582642/38.16097003789,133.4574118042/38.16097003789,133.4616653442/38.16097003789,133.4659188843/38.16097003789,133.4701724243/38.16097003789,133.4744259644/38.16097003789,133.4786795044/38.16097003789,133.4829330444/38.16097003789,133.4871865845/38.16097003789,133.4914401245/38.16097003789,133.4956936646/38.16097003789,133.4999472046/38.16097003789,133.5042007446/38.16097003789,133.5084542847/38.16097003789,133.5127078247/38.16097003789,133.5169613647/38.16097003789,133.5212149048/38.16097003789,133.5254684448/38.16097003789,133.5297219849/38.16097003789,133.5339755249/38.16097003789,133.5382290649/38.16097003789,133.542482605/38.16097003789,133.546736145/38.16097003789,133.5509896851/38.16097003789,133.5552432251/38.16097003789,133.5594967651/38.16097003789,133.5637503052/38.16097003789,133.5680038452/38.16097003789,133.5722573853/38.16097003789,133.5765109253/38.16097003789,133.5807644653/38.16097003789,133.5850180054/38.16097003789,133.5892715454/38.16097003789,133.5935250854/38.16097003789,133.5977786255/38.16097003789,133.6020321655/38.16097003789,133.6062857056/38.16097003789,133.6105392456/38.16097003789,133.6147927856/38.16097003789,133.6190463257/38.16097003789,133.6232998657/38.16097003789,133.6275534058/38.16097003789,133.6318069458/38.16097003789,133.6360604858/38.16097003789,133.6403140259/38.16097003789
133.431890564/38.16389533066,133.436144104/38.16389533066,133.440397644/38.16389533066,133.4446511841/38.16389533066,133.4489047241/38.16389533066,133.4531582642/38.16389533066,133.4574118042/38.16389533066,133.4616653442/38.16389533066,133.4659188843/38.16389533066,133.4701724243/38.16389533066,133.4744259644/38.16389533066,133.4786795044/38.16389533066,133.4829330444/38.16389533066,133.4871865845/38.16389533066,133.4914401245/38.16389533066,133.4956936646/38.16389533066,133.4999472046/38.16389533066,133.5042007446/38.16389533066,133.5084542847/38.16389533066,133.5127078247/38.16389533066,133.5169613647/38.16389533066,133.5212149048/38.16389533066,133.5254684448/38.16389533066,133.5297219849/38.16389533066,133.5339755249/38.16389533066,133.5382290649/38.16389533066,133.542482605/38.16389533066,133.546736145/38.16389533066,133.5509896851/38.16389533066,133.5552432251/38.16389533066,133.5594967651/38.16389533066,133.5637503052/38.16389533066,133.5680038452/38.16389533066,133.5722573853/38.16389533066,133.5765109253/38.16389533066,133.5807644653/38.16389533066,133.5850180054/38.16389533066,133.5892715454/38.16389533066,133.5935250854/38.16389533066,133.5977786255/38.16389533066,133.6020321655/38.16389533066,133.6062857056/38.16389533066,133.6105392456/38.16389533066,133.6147927856/38.16389533066,133.6190463257/38.16389533066,133.6232998657/38.16389533066,133.6275534058/38.16389533066,133.6318069458/38.16389533066,133.6360604858/38.16389533066,133.6403140259/38.16389533066
133.431890564/38.16682050606,133.436144104/38.16682050606,133.440397644/38.16682050606,133.4446511841/38.16682050606,133.4489047241/38.16682050606,133.4531582642/38.16682050606,133.4574118042/38.16682050606,133.4616653442/38.16682050606,133.4659188843/38.16682050606,133.4701724243/38.16682050606,133.4744259644/38.16682050606,133.4786795044/38.16682050606,133.4829330444/38.16682050606,133.4871865845/38.16682050606,133.4914401245/38.16682050606,133.4956936646/38.16682050606,133.4999472046/38.16682050606,133.5042007446/38.16682050606,133.5084542847/38.16682050606,133.5127078247/38.16682050606,133.5169613647/38.16682050606,133.5212149048/38.16682050606,133.5254684448/38.16682050606,133.5297219849/38.16682050606,133.5339755249/38.16682050606,133.5382290649/38.16682050606,133.542482605/38.16682050606,133.546736145/38.16682050606,133.5509896851/38.16682050606,133.5552432251/38.16682050606,133.5594967651/38.16682050606,133.5637503052/38.16682050606,133.5680038452/38.16682050606,133.5722573853/38.16682050606,133.5765109253/38.16682050606,133.5807644653/38.16682050606,133.5850180054/38.16682050606,133.5892715454/38.16682050606,133.5935250854/38.16682050606,133.5977786255/38.16682050606,133.6020321655/38.16682050606,133.6062857056/38.16682050606,133.6105392456/38.16682050606,133.6147927856/38.16682050606,133.6190463257/38.16682050606,133.6232998657/38.16682050606,133.6275534058/38.16682050606,133.6318069458/38.16682050606,133.6360604858/38.16682050606,133.6403140259/38.16682050606
133.431890564/38.16974556408,133.436144104/38.16974556408,133.440397644/38.16974556408,133.4446511841/38.16974556408,133.4489047241/38.16974556408,133.4531582642/38.16974556408,133.4574118042/38.16974556408,133.4616653442/38.16974556408,133.4659188843/38.16974556408,133.4701724243/38.16974556408,133.4744259644/38.16974556408,133.4786795044/38.16974556408,133.4829330444/38.16974556408,133.4871865845/38.16974556408,133.4914401245/38.16974556408,133.4956936646/38.16974556408,133.4999472046/38.16974556408,133.5042007446/38.16974556408,133.5084542847/38.16974556408,133.5127078247/38.16974556408,133.5169613647/38.16974556408,133.5212149048/38.16974556408,133.5254684448/38.16974556408,133.5297219849/38.16974556408,133.5339755249/38.16974556408,133.5382290649/38.16974556408,133.542482605/38.16974556408,133.546736145/38.16974556408,133.5509896851/38.16974556408,133.5552432251/38.16974556408,133.5594967651/38.16974556408,133.5637503052/38.16974556408,133.5680038452/38.16974556408,133.5722573853/38.16974556408,133.5765109253/38.16974556408,133.5807644653/38.16974556408,133.5850180054/38.16974556408,133.5892715454/38.16974556408,133.5935250854/38.16974556408,133.5977786255/38.16974556408,133.6020321655/38.16974556408,133.6062857056/38.16974556408,133.6105392456/38.16974556408,133.6147927856/38.16974556408,133.6190463257/38.16974556408,133.6232998657/38.16974556408,133.6275534058/38.16974556408,133.6318069458/38.16974556408,133.6360604858/38.16974556408,133.6403140259/38.16974556408
133.431890564/38.17267050473,133.436144104/38.17267050473,133.440397644/38.17267050473,133.4446511841/38.17267050473,133.4489047241/38.17267050473,133.4531582642/38.17267050473,133.4574118042/38.17267050473,133.4616653442/38.17267050473,133.4659188843/38.17267050473,133.4701724243/38.17267050473,133.4744259644/38.17267050473,133.4786795044/38.17267050473,133.4829330444/38.17267050473,133.4871865845/38.17267050473,133.4914401245/38.17267050473,133.4956936646/38.17267050473,133.4999472046/38.17267050473,133.5042007446/38.17267050473,133.5084542847/38.17267050473,133.5127078247/38.17267050473,133.5169613647/38.17267050473,133.5212149048/38.17267050473,133.5254684448/38.17267050473,133.5297219849/38.17267050473,133.5339755249/38.17267050473,133.5382290649/38.17267050473,133.542482605/38.17267050473,133.546736145/38.17267050473,133.5509896851/38.17267050473,133.5552432251/38.17267050473,133.5594967651/38.17267050473,133.5637503052/38.17267050473,133.5680038452/38.17267050473,133.5722573853/38.17267050473,133.5765109253/38.17267050473,133.5807644653/38.17267050473,133.5850180054/38.17267050473,133.5892715454/38.17267050473,133.5935250854/38.17267050473,133.5977786255/38.17267050473,133.6020321655/38.17267050473,133.6062857056/38.17267050473,133.6105392456/38.17267050473,133.6147927856/38.17267050473,133.6190463257/38.17267050473,133.6232998657/38.17267050473,133.6275534058/38.17267050473,133.6318069458/38.17267050473,133.6360604858/38.17267050473,133.6403140259/38.17267050473
133.431890564/38.17559532799,133.436144104/38.17559532799,133.440397644/38.17559532799,133.4446511841/38.17559532799,133.4489047241/38.17559532799,133.4531582642/38.17559532799,133.4574118042/38.17559532799,133.4616653442/38.17559532799,133.4659188843/38.17559532799,133.4701724243/38.17559532799,133.4744259644/38.17559532799,133.4786795044/38.17559532799,133.4829330444/38.17559532799,133.4871865845/38.17559532799,133.4914401245/38.17559532799,133.4956936646/38.17559532799,133.4999472046/38.17559532799,133.5042007446/38.17559532799,133.5084542847/38.17559532799,133.5127078247/38.17559532799,133.5169613647/38.17559532799,133.5212149048/38.17559532799,133.5254684448/38.17559532799,133.5297219849/38.17559532799,133.5339755249/38.17559532799,133.5382290649/38.17559532799,133.542482605/38.17559532799,133.546736145/38.17559532799,133.5509896851/38.17559532799,133.5552432251/38.17559532799,133.5594967651/38.17559532799,133.5637503052/38.17559532799,133.5680038452/38.17559532799,133.5722573853/38.17559532799,133.5765109253/38.17559532799,133.5807644653/38.17559532799,133.5850180054/38.17559532799,133.5892715454/38.17559532799,133.5935250854/38.17559532799,133.5977786255/38.17559532799,133.6020321655/38.17559532799,133.6062857056/38.17559532799,133.6105392456/38.17559532799,133.6147927856/38.17559532799,133.6190463257/38.17559532799,133.6232998657/38.17559532799,133.6275534058/38.17559532799,133.6318069458/38.17559532799,133.6360604858/38.17559532799,133.6403140259/38.17559532799
133.431890564/38.17852003387,133.436144104/38.17852003387,133.440397644/38.17852003387,133.4446511841/38.17852003387,133.4489047241/38.17852003387,133.4531582642/38.17852003387,133.4574118042/38.17852003387,133.4616653442/38.17852003387,133.4659188843/38.17852003387,133.4701724243/38.17852003387,133.4744259644/38.17852003387,133.4786795044/38.17852003387,133.4829330444/38.17852003387,133.4871865845/38.17852003387,133.4914401245/38.17852003387,133.4956936646/38.17852003387,133.4999472046/38.17852003387,133.5042007446/38.17852003387,133.5084542847/38.17852003387,133.5127078247/38.17852003387,133.5169613647/38.17852003387,133.5212149048/38.17852003387,133.5254684448/38.17852003387,133.5297219849/38.17852003387,133.5339755249/38.17852003387,133.5382290649/38.17852003387,133.542482605/38.17852003387,133.546736145/38.17852003387,133.5509896851/38.17852003387,133.5552432251/38.17852003387,133.5594967651/38.17852003387,133.5637503052/38.17852003387,133.5680038452/38.17852003387,133.5722573853/38.17852003387,133.5765109253/38.17852003387,133.5807644653/38.17852003387,133.5850180054/38.17852003387,133.5892715454/38.17852003387,133.5935250854/38.17852003387,133.5977786255/38.17852003387,133.6020321655/38.17852003387,133.6062857056/38.17852003387,133.6105392456/38.17852003387,133.6147927856/38.17852003387,133.6190463257/38.17852003387,133.6232998657/38.17852003387,133.6275534058/38.17852003387,133.6318069458/38.17852003387,133.6360604858/38.17852003387,133.6403140259/38.17852003387
133.431890564/38.18144462236,133.436144104/38.18144462236,133.440397644/38.18144462236,133.4446511841/38.18144462236,133.4489047241/38.18144462236,133.4531582642/38.18144462236,133.4574118042/38.18144462236,133.4616653442/38.18144462236,133.4659188843/38.18144462236,133.4701724243/38.18144462236,133.4744259644/38.18144462236,133.4786795044/38.18144462236,133.4829330444/38.18144462236,133.4871865845/38.18144462236,133.4914401245/38.18144462236,133.4956936646/38.18144462236,133.4999472046/38.18144462236,133.5042007446/38.18144462236,133.5084542847/38.18144462236,133.5127078247/38.18144462236,133.5169613647/38.18144462236,133.5212149048/38.18144462236,133.5254684448/38.18144462236,133.5297219849/38.18144462236,133.5339755249/38.18144462236,133.5382290649/38.18144462236,133.542482605/38.18144462236,133.546736145/38.18144462236,133.5509896851/38.18144462236,133.5552432251/38.18144462236,133.5594967651/38.18144462236,133.5637503052/38.18144462236,133.5680038452/38.18144462236,133.5722573853/38.18144462236,133.5765109253/38.18144462236,133.5807644653/38.18144462236,133.5850180054/38.18144462236,133.5892715454/38.18144462236,133.5935250854/38.18144462236,133.5977786255/38.18144462236,133.6020321655/38.18144462236,133.6062857056/38.18144462236,133.6105392456/38.18144462236,133.6147927856/38.18144462236,133.6190463257/38.18144462236,133.6232998657/38.18144462236,133.6275534058/38.18144462236,133.6318069458/38.18144462236,133.6360604858/38.18144462236,133.6403140259/38.18144462236
133.431890564/38.18436909346,133.436144104/38.18436909346,133.440397644/38.18436909346,133.4446511841/38.18436909346,133.4489047241/38.18436909346,133.4531582642/38.18436909346,133.4574118042/38.18436909346,133.4616653442/38.18436909346,133.4659188843/38.18436909346,133.4701724243/38.18436909346,133.4744259644/38.18436909346,133.4786795044/38.18436909346,133.4829330444/38.18436909346,133.4871865845/38.18436909346,133.4914401245/38.18436909346,133.4956936646/38.18436909346,133.4999472046/38.18436909346,133.5042007446/38.18436909346,133.5084542847/38.18436909346,133.5127078247/38.18436909346,133.5169613647/38.18436909346,133.5212149048/38.18436909346,133.5254684448/38.18436909346,133.5297219849/38.18436909346,133.5339755249/38.18436909346,133.5382290649/38.18436909346,133.542482605/38.18436909346,133.546736145/38.18436909346,133.5509896851/38.18436909346,133.5552432251/38.18436909346,133.5594967651/38.18436909346,133.5637503052/38.18436909346,133.5680038452/38.18436909346,133.5722573853/38.18436909346,133.5765109253/38.18436909346,133.5807644653/38.18436909346,133.5850180054/38.18436909346,133.5892715454/38.18436909346,133.5935250854/38.18436909346,133.5977786255/38.18436909346,133.6020321655/38.18436909346,133.6062857056/38.18436909346,133.6105392456/38.18436909346,133.6147927856/38.18436909346,133.6190463257/38.18436909346,133.6232998657/38.18436909346,133.6275534058/38.18436909346,133.6318069458/38.18436909346,133.6360604858/38.18436909346,133.6403140259/38.18436909346
133.431890564/38.18729344717,133.436144104/38.18729344717,133.440397644/38.18729344717,133.4446511841/38.18729344717,133.4489047241/38.18729344717,133.4531582642/38.18729344717,133.4574118042/38.18729344717,133.4616653442/38.18729344717,133.4659188843/38.18729344717,133.4701724243/38.18729344717,133.4744259644/38.18729344717,133.4786795044/38.18729344717,133.4829330444/38.18729344717,133.4871865845/38.18729344717,133.4914401245/38.18729344717,133.4956936646/38.18729344717,133.4999472046/38.18729344717,133.5042007446/38.18729344717,133.5084542847/38.18729344717,133.5127078247/38.18729344717,133.5169613647/38.18729344717,133.5212149048/38.18729344717,133.5254684448/38.18729344717,133.5297219849/38.18729344717,133.5339755249/38.18729344717,133.5382290649/38.18729344717,133.542482605/38.18729344717,133.546736145/38.18729344717,133.5509896851/38.18729344717,133.5552432251/38.18729344717,133.5594967651/38.18729344717,133.5637503052/38.18729344717,133.5680038452/38.18729344717,133.5722573853/38.18729344717,133.5765109253/38.18729344717,133.5807644653/38.18729344717,133.5850180054/38.18729344717,133.5892715454/38.18729344717,133.5935250854/38.18729344717,133.5977786255/38.18729344717,133.6020321655/38.18729344717,133.6062857056/38.18729344717,133.6105392456/38.18729344717,133.6147927856/38.18729344717,133.6190463257/38.18729344717,133.6232998657/38.18729344717,133.6275534058/38.18729344717,133.6318069458/38.18729344717,133.6360604858/38.18729344717,133.6403140259/38.18729344717
133.431890564/38.19021768348,133.436144104/38.19021768348,133.440397644/38.19021768348,133.4446511841/38.19021768348,133.4489047241/38.19021768348,133.4531582642/38.19021768348,133.4574118042/38.19021768348,133.4616653442/38.19021768348,133.4659188843/38.19021768348,133.4701724243/38.19021768348,133.4744259644/38.19021768348,133.4786795044/38.19021768348,133.4829330444/38.19021768348,133.4871865845/38.19021768348,133.4914401245/38.19021768348,133.4956936646/38.19021768348,133.4999472046/38.19021768348,133.5042007446/38.19021768348,133.5084542847/38.19021768348,133.5127078247/38.19021768348,133.5169613647/38.19021768348,133.5212149048/38.19021768348,133.5254684448/38.19021768348,133.5297219849/38.19021768348,133.5339755249/38.19021768348,133.5382290649/38.19021768348,133.542482605/38.19021768348,133.546736145/38.19021768348,133.5509896851/38.19021768348,133.5552432251/38.19021768348,133.5594967651/38.19021768348,133.5637503052/38.19021768348,133.5680038452/38.19021768348,133.5722573853/38.19021768348,133.5765109253/38.19021768348,133.5807644653/38.19021768348,133.5850180054/38.19021768348,133.5892715454/38.19021768348,133.5935250854/38.19021768348,133.5977786255/38.19021768348,133.6020321655/38.19021768348,133.6062857056/38.19021768348,133.6105392456/38.19021768348,133.6147927856/38.19021768348,133.6190463257/38.19021768348,133.6232998657/38.19021768348,133.6275534058/38.19021768348,133.6318069458/38.19021768348,133.6360604858/38.19021768348,133.6403140259/38.19021768348
133.431890564/38.1931418024,133.436144104/38.1931418024,133.440397644/38.1931418024,133.4446511841/38.1931418024,133.4489047241/38.1931418024,133.4531582642/38.1931418024,133.4574118042/38.1931418024,133.4616653442/38.1931418024,133.4659188843/38.1931418024,133.4701724243/38.1931418024,133.4744259644/38.1931418024,133.4786795044/38.1931418024,133.4829330444/38.1931418024,133.4871865845/38.1931418024,133.4914401245/38.1931418024,133.4956936646/38.1931418024,133.4999472046/38.1931418024,133.5042007446/38.1931418024,133.5084542847/38.1931418024,133.5127078247/38.1931418024,133.5169613647/38.1931418024,133.5212149048/38.1931418024,133.5254684448/38.1931418024,133.5297219849/38.1931418024,133.5339755249/38.1931418024,133.5382290649/38.1931418024,133.542482605/38.1931418024,133.546736145/38.1931418024,133.5509896851/38.1931418024,133.5552432251/38.1931418024,133.5594967651/38.1931418024,133.5637503052/38.1931418024,133.5680038452/38.1931418024,133.5722573853/38.1931418024,133.5765109253/38.1931418024,133.5807644653/38.1931418024,133.5850180054/38.1931418024,133.5892715454/38.1931418024,133.5935250854/38.1931418024,133.5977786255/38.1931418024,133.6020321655/38.1931418024,133.6062857056/38.1931418024,133.6105392456/38.1931418024,133.6147927856/38.1931418024,133.6190463257/38.1931418024,133.6232998657/38.1931418024,133.6275534058/38.1931418024,133.6318069458/38.1931418024,133.6360604858/38.1931418024,133.6403140259/38.1931418024
133.431890564/38.19606580391,133.436144104/38.19606580391,133.440397644/38.19606580391,133.4446511841/38.19606580391,133.4489047241/38.19606580391,133.4531582642/38.19606580391,133.4574118042/38.19606580391,133.4616653442/38.19606580391,133.4659188843/38.19606580391,133.4701724243/38.19606580391,133.4744259644/38.19606580391,133.4786795044/38.19606580391,133.4829330444/38.19606580391,133.4871865845/38.19606580391,133.4914401245/38.19606580391,133.4956936646/38.19606580391,133.4999472046/38.19606580391,133.5042007446/38.19606580391,133.5084542847/38.19606580391,133.5127078247/38.19606580391,133.5169613647/38.19606580391,133.5212149048/38.19606580391,133.5254684448/38.19606580391,133.5297219849/38.19606580391,133.5339755249/38.19606580391,133.5382290649/38.19606580391,133.542482605/38.19606580391,133.546736145/38.19606580391,133.5509896851/38.19606580391,133.5552432251/38.19606580391,133.5594967651/38.19606580391,133.5637503052/38.19606580391,133.5680038452/38.19606580391,133.5722573853/38.19606580391,133.5765109253/38.19606580391,133.5807644653/38.19606580391,133.5850180054/38.19606580391,133.5892715454/38.19606580391,133.5935250854/38.19606580391,133.5977786255/38.19606580391,133.6020321655/38.19606580391,133.6062857056/38.19606580391,133.6105392456/38.19606580391,133.6147927856/38.19606580391,133.6190463257/38.19606580391,133.6232998657/38.19606580391,133.6275534058/38.19606580391,133.6318069458/38.19606580391,133.6360604858/38.19606580391,133.6403140259/38.19606580391
133.431890564/38.19898968802,133.436144104/38.19898968802,133.440397644/38.19898968802,133.4446511841/38.19898968802,133.4489047241/38.19898968802,133.4531582642/38.19898968802,133.4574118042/38.19898968802,133.4616653442/38.19898968802,133.4659188843/38.19898968802,133.4701724243/38.19898968802,133.4744259644/38.19898968802,133.4786795044/38.19898968802,133.4829330444/38.19898968802,133.4871865845/38.19898968802,133.4914401245/38.19898968802,133.4956936646/38.19898968802,133.4999472046/38.19898968802,133.5042007446/38.19898968802,133.5084542847/38.19898968802,133.5127078247/38.19898968802,133.5169613647/38.19898968802,133.5212149048/38.19898968802,133.5254684448/38.19898968802,133.5297219849/38.19898968802,133.5339755249/38.19898968802,133.5382290649/38.19898968802,133.542482605/38.19898968802,133.546736145/38.19898968802,133.5509896851/38.19898968802,133.5552432251/38.19898968802,133.5594967651/38.19898968802,133.5637503052/38.19898968802,133.5680038452/38.19898968802,133.5722573853/38.19898968802,133.5765109253/38.19898968802,133.5807644653/38.19898968802,133.5850180054/38.19898968802,133.5892715454/38.19898968802,133.5935250854/38.19898968802,133.5977786255/38.19898968802,133.6020321655/38.19898968802,133.6062857056/38.19898968802,133.6105392456/38.19898968802,133.6147927856/38.19898968802,133.6190463257/38.19898968802,133.6232998657/38.19898968802,133.6275534058/38.19898968802,133.6318069458/38.19898968802,133.6360604858/38.19898968802,133.6403140259/38.19898968802
133.431890564/38.20191345471,133.436144104/38.20191345471,133.440397644/38.20191345471,133.4446511841/38.20191345471,133.4489047241/38.20191345471,133.4531582642/38.20191345471,133.4574118042/38.20191345471,133.4616653442/38.20191345471,133.4659188843/38.20191345471,133.4701724243/38.20191345471,133.4744259644/38.20191345471,133.4786795044/38.20191345471,133.4829330444/38.20191345471,133.4871865845/38.20191345471,133.4914401245/38.20191345471,133.4956936646/38.20191345471,133.4999472046/38.20191345471,133.5042007446/38.20191345471,133.5084542847/38.20191345471,133.5127078247/38.20191345471,133.5169613647/38.20191345471,133.5212149048/38.20191345471,133.5254684448/38.20191345471,133.5297219849/38.20191345471,133.5339755249/38.20191345471,133.5382290649/38.20191345471,133.542482605/38.20191345471,133.546736145/38.20191345471,133.5509896851/38.20191345471,133.5552432251/38.20191345471,133.5594967651/38.20191345471,133.5637503052/38.20191345471,133.5680038452/38.20191345471,133.5722573853/38.20191345471,133.5765109253/38.20191345471,133.5807644653/38.20191345471,133.5850180054/38.20191345471,133.5892715454/38.20191345471,133.5935250854/38.20191345471,133.5977786255/38.20191345471,133.6020321655/38.20191345471,133.6062857056/38.20191345471,133.6105392456/38.20191345471,133.6147927856/38.20191345471,133.6190463257/38.20191345471,133.6232998657/38.20191345471,133.6275534058/38.20191345471,133.6318069458/38.20191345471,133.6360604858/38.20191345471,133.6403140259/38.20191345471
133.431890564/38.204837104,133.436144104/38.204837104,133.440397644/38.204837104,133.4446511841/38.204837104,133.4489047241/38.204837104,133.4531582642/38.204837104,133.4574118042/38.204837104,133.4616653442/38.204837104,133.4659188843/38.204837104,133.4701724243/38.204837104,133.4744259644/38.204837104,133.4786795044/38.204837104,133.4829330444/38.204837104,133.4871865845/38.204837104,133.4914401245/38.204837104,133.4956936646/38.204837104,133.4999472046/38.204837104,133.5042007446/38.204837104,133.5084542847/38.204837104,133.5127078247/38.204837104,133.5169613647/38.204837104,133.5212149048/38.204837104,133.5254684448/38.204837104,133.5297219849/38.204837104,133.5339755249/38.204837104,133.5382290649/38.204837104,133.542482605/38.204837104,133.546736145/38.204837104,133.5509896851/38.204837104,133.5552432251/38.204837104,133.5594967651/38.204837104,133.5637503052/38.204837104,133.5680038452/38.204837104,133.5722573853/38.204837104,133.5765109253/38.204837104,133.5807644653/38.204837104,133.5850180054/38.204837104,133.5892715454/38.204837104,133.5935250854/38.204837104,133.5977786255/38.204837104,133.6020321655/38.204837104,133.6062857056/38.204837104,133.6105392456/38.204837104,133.6147927856/38.204837104,133.6190463257/38.204837104,133.6232998657/38.204837104,133.6275534058/38.204837104,133.6318069458/38.204837104,133.6360604858/38.204837104,133.6403140259/38.204837104
133.431890564/38.20776063588,133.436144104/38.20776063588,133.440397644/38.20776063588,133.4446511841/38.20776063588,133.4489047241/38.20776063588,133.4531582642/38.20776063588,133.4574118042/38.20776063588,133.4616653442/38.20776063588,133.4659188843/38.20776063588,133.4701724243/38.20776063588,133.4744259644/38.20776063588,133.4786795044/38.20776063588,133.4829330444/38.20776063588,133.4871865845/38.20776063588,133.4914401245/38.20776063588,133.4956936646/38.20776063588,133.4999472046/38.20776063588,133.5042007446/38.20776063588,133.5084542847/38.20776063588,133.5127078247/38.20776063588,133.5169613647/38.20776063588,133.5212149048/38.20776063588,133.5254684448/38.20776063588,133.5297219849/38.20776063588,133.5339755249/38.20776063588,133.5382290649/38.20776063588,133.542482605/38.20776063588,133.546736145/38.20776063588,133.5509896851/38.20776063588,133.5552432251/38.20776063588,133.5594967651/38.20776063588,133.5637503052/38.20776063588,133.5680038452/38.20776063588,133.5722573853/38.20776063588,133.5765109253/38.20776063588,133.5807644653/38.20776063588,133.5850180054/38.20776063588,133.5892715454/38.20776063588,133.5935250854/38.20776063588,133.5977786255/38.20776063588,133.6020321655/38.20776063588,133.6062857056/38.20776063588,133.6105392456/38.20776063588,133.6147927856/38.20776063588,133.6190463257/38.20776063588,133.6232998657/38.20776063588,133.6275534058/38.20776063588,133.6318069458/38.20776063588,133.6360604858/38.20776063588,133.6403140259/38.20776063588
133.431890564/38.21068405034,133.436144104/38.21068405034,133.440397644/38.21068405034,133.4446511841/38.21068405034,133.4489047241/38.21068405034,133.4531582642/38.21068405034,133.4574118042/38.21068405034,133.4616653442/38.21068405034,133.4659188843/38.21068405034,133.4701724243/38.21068405034,133.4744259644/38.21068405034,133.4786795044/38.21068405034,133.4829330444/38.21068405034,133.4871865845/38.21068405034,133.4914401245/38.21068405034,133.4956936646/38.21068405034,133.4999472046/38.21068405034,133.5042007446/38.21068405034,133.5084542847/38.21068405034,133.5127078247/38.21068405034,133.5169613647/38.21068405034,133.5212149048/38.21068405034,133.5254684448/38.21068405034,133.5297219849/38.21068405034,133.5339755249/38.21068405034,133.5382290649/38.21068405034,133.542482605/38.21068405034,133.546736145/38.21068405034,133.5509896851/38.21068405034,133.5552432251/38.21068405034,133.5594967651/38.21068405034,133.5637503052/38.21068405034,133.5680038452/38.21068405034,133.5722573853/38.21068405034,133.5765109253/38.21068405034,133.5807644653/38.21068405034,133.5850180054/38.21068405034,133.5892715454/38.21068405034,133.5935250854/38.21068405034,133.5977786255/38.21068405034,133.6020321655/38.21068405034,133.6062857056/38.21068405034,133.6105392456/38.21068405034,133.6147927856/38.21068405034,133.6190463257/38.21068405034,133.6232998657/38.21068405034,133.6275534058/38.21068405034,133.6318069458/38.21068405034,133.6360604858/38.21068405034,133.6403140259/38.21068405034
133.431890564/38.21360734738,133.436144104/38.21360734738,133.440397644/38.21360734738,133.4446511841/38.21360734738,133.4489047241/38.21360734738,133.4531582642/38.21360734738,133.4574118042/38.21360734738,133.4616653442/38.21360734738,133.4659188843/38.21360734738,133.4701724243/38.21360734738,133.4744259644/38.21360734738,133.4786795044/38.21360734738,133.4829330444/38.21360734738,133.4871865845/38.21360734738,133.4914401245/38.21360734738,133.4956936646/38.21360734738,133.4999472046/38.21360734738,133.5042007446/38.21360734738,133.5084542847/38.21360734738,133.5127078247/38.21360734738,133.5169613647/38.21360734738,133.5212149048/38.21360734738,133.5254684448/38.21360734738,133.5297219849/38.21360734738,133.5339755249/38.21360734738,133.5382290649/38.21360734738,133.542482605/38.21360734738,133.546736145/38.21360734738,133.5509896851/38.21360734738,133.5552432251/38.21360734738,133.5594967651/38.21360734738,133.5637503052/38.21360734738,133.5680038452/38.21360734738,133.5722573853/38.21360734738,133.5765109253/38.21360734738,133.5807644653/38.21360734738,133.5850180054/38.21360734738,133.5892715454/38.21360734738,133.5935250854/38.21360734738,133.5977786255/38.21360734738,133.6020321655/38.21360734738,133.6062857056/38.21360734738,133.6105392456/38.21360734738,133.6147927856/38.21360734738,133.6190463257/38.21360734738,133.6232998657/38.21360734738,133.6275534058/38.21360734738,133.6318069458/38.21360734738,133.6360604858/38.21360734738,133.6403140259/38.21360734738
133.431890564/38.21653052699,133.436144104/38.21653052699,133.440397644/38.21653052699,133.4446511841/38.21653052699,133.4489047241/38.21653052699,133.4531582642/38.21653052699,133.4574118042/38.21653052699,133.4616653442/38.21653052699,133.4659188843/38.21653052699,133.4701724243/38.21653052699,133.4744259644/38.21653052699,133.4786795044/38.21653052699,133.4829330444/38.21653052699,133.4871865845/38.21653052699,133.4914401245/38.21653052699,133.4956936646/38.21653052699,133.4999472046/38.21653052699,133.5042007446/38.21653052699,133.5084542847/38.21653052699,133.5127078247/38.21653052699,133.5169613647/38.21653052699,133.5212149048/38.21653052699,133.5254684448/38.21653052699,133.5297219849/38.21653052699,133.5339755249/38.21653052699,133.5382290649/38.21653052699,133.542482605/38.21653052699,133.546736145/38.21653052699,133.5509896851/38.21653052699,133.5552432251/38.21653052699,133.5594967651/38.21653052699,133.5637503052/38.21653052699,133.5680038452/38.21653052699,133.5722573853/38.21653052699,133.5765109253/38.21653052699,133.5807644653/38.21653052699,133.5850180054/38.21653052699,133.5892715454/38.21653052699,133.5935250854/38.21653052699,133.5977786255/38.21653052699,133.6020321655/38.21653052699,133.6062857056/38.21653052699,133.6105392456/38.21653052699,133.6147927856/38.21653052699,133.6190463257/38.21653052699,133.6232998657/38.21653052699,133.6275534058/38.21653052699,133.6318069458/38.21653052699,133.6360604858/38.21653052699,133.6403140259/38.21653052699
133.431890564/38.21945358919,133.436144104/38.21945358919,133.440397644/38.21945358919,133.4446511841/38.21945358919,133.4489047241/38.21945358919,133.4531582642/38.21945358919,133.4574118042/38.21945358919,133.4616653442/38.21945358919,133.4659188843/38.21945358919,133.4701724243/38.21945358919,133.4744259644/38.21945358919,133.4786795044/38.21945358919,133.4829330444/38.21945358919,133.4871865845/38.21945358919,133.4914401245/38.21945358919,133.4956936646/38.21945358919,133.4999472046/38.21945358919,133.5042007446/38.21945358919,133.5084542847/38.21945358919,133.5127078247/38.21945358919,133.5169613647/38.21945358919,133.5212149048/38.21945358919,133.5254684448/38.21945358919,133.5297219849/38.21945358919,133.5339755249/38.21945358919,133.5382290649/38.21945358919,133.542482605/38.21945358919,133.546736145/38.21945358919,133.5509896851/38.21945358919,133.5552432251/38.21945358919,133.5594967651/38.21945358919,133.5637503052/38.21945358919,133.5680038452/38.21945358919,133.5722573853/38.21945358919,133.5765109253/38.21945358919,133.5807644653/38.21945358919,133.5850180054/38.21945358919,133.5892715454/38.21945358919,133.5935250854/38.21945358919,133.5977786255/38.21945358919,133.6020321655/38.21945358919,133.6062857056/38.21945358919,133.6105392456/38.21945358919,133.6147927856/38.21945358919,133.6190463257/38.21945358919,133.6232998657/38.21945358919,133.6275534058/38.21945358919,133.6318069458/38.21945358919,133.6360604858/38.21945358919,133.6403140259/38.21945358919
133.431890564/38.22237653395,133.436144104/38.22237653395,133.440397644/38.22237653395,133.4446511841/38.22237653395,133.4489047241/38.22237653395,133.4531582642/38.22237653395,133.4574118042/38.22237653395,133.4616653442/38.22237653395,133.4659188843/38.22237653395,133.4701724243/38.22237653395,133.4744259644/38.22237653395,133.4786795044/38.22237653395,133.4829330444/38.22237653395,133.4871865845/38.22237653395,133.4914401245/38.22237653395,133.4956936646/38.22237653395,133.4999472046/38.22237653395,133.5042007446/38.22237653395,133.5084542847/38.22237653395,133.5127078247/38.22237653395,133.5169613647/38.22237653395,133.5212149048/38.22237653395,133.5254684448/38.22237653395,133.5297219849/38.22237653395,133.5339755249/38.22237653395,133.5382290649/38.22237653395,133.542482605/38.22237653395,133.546736145/38.22237653395,133.5509896851/38.22237653395,133.5552432251/38.22237653395,133.5594967651/38.22237653395,133.5637503052/38.22237653395,133.5680038452/38.22237653395,133.5722573853/38.22237653395,133.5765109253/38.22237653395,133.5807644653/38.22237653395,133.5850180054/38.22237653395,133.5892715454/38.22237653395,133.5935250854/38.22237653395,133.5977786255/38.22237653395,133.6020321655/38.22237653395,133.6062857056/38.22237653395,133.6105392456/38.22237653395,133.6147927856/38.22237653395,133.6190463257/38.22237653395,133.6232998657/38.22237653395,133.6275534058/38.22237653395,133.6318069458/38.22237653395,133.6360604858/38.22237653395,133.6403140259/38.22237653395
133.431890564/38.22529936129,133.436144104/38.22529936129,133.440397644/38.22529936129,133.4446511841/38.22529936129,133.4489047241/38.22529936129,133.4531582642/38.22529936129,133.4574118042/38.22529936129,133.4616653442/38.22529936129,133.4659188843/38.22529936129,133.4701724243/38.22529936129,133.4744259644/38.22529936129,133.4786795044/38.22529936129,133.4829330444/38.22529936129,133.4871865845/38.22529936129,133.4914401245/38.22529936129,133.4956936646/38.22529936129,133.4999472046/38.22529936129,133.5042007446/38.22529936129,133.5084542847/38.22529936129,133.5127078247/38.22529936129,133.5169613647/38.22529936129,133.5212149048/38.22529936129,133.5254684448/38.22529936129,133.5297219849/38.22529936129,133.5339755249/38.22529936129,133.5382290649/38.22529936129,133.542482605/38.22529936129,133.546736145/38.22529936129,133.5509896851/38.22529936129,133.5552432251/38.22529936129,133.5594967651/38.22529936129,133.5637503052/38.22529936129,133.5680038452/38.22529936129,133.5722573853/38.22529936129,133.5765109253/38.22529936129,133.5807644653/38.22529936129,133.5850180054/38.22529936129,133.5892715454/38.22529936129,133.5935250854/38.22529936129,133.5977786255/38.22529936129,133.6020321655/38.22529936129,133.6062857056/38.22529936129,133.6105392456/38.22529936129,133.6147927856/38.22529936129,133.6190463257/38.22529936129,133.6232998657/38.22529936129,133.6275534058/38.22529936129,133.6318069458/38.22529936129,133.6360604858/38.22529936129,133.6403140259/38.22529936129
133.431890564/38.22822207119,133.436144104/38.22822207119,133.440397644/38.22822207119,133.4446511841/38.22822207119,133.4489047241/38.22822207119,133.4531582642/38.22822207119,133.4574118042/38.22822207119,133.4616653442/38.22822207119,133.4659188843/38.22822207119,133.4701724243/38.22822207119,133.4744259644/38.22822207119,133.4786795044/38.22822207119,133.4829330444/38.22822207119,133.4871865845/38.22822207119,133.4914401245/38.22822207119,133.4956936646/38.22822207119,133.4999472046/38.22822207119,133.5042007446/38.22822207119,133.5084542847/38.22822207119,133.5127078247/38.22822207119,133.5169613647/38.22822207119,133.5212149048/38.22822207119,133.5254684448/38.22822207119,133.5297219849/38.22822207119,133.5339755249/38.22822207119,133.5382290649/38.22822207119,133.542482605/38.22822207119,133.546736145/38.22822207119,133.5509896851/38.22822207119,133.5552432251/38.22822207119,133.5594967651/38.22822207119,133.5637503052/38.22822207119,133.5680038452/38.22822207119,133.5722573853/38.22822207119,133.5765109253/38.22822207119,133.5807644653/38.22822207119,133.5850180054/38.22822207119,133.5892715454/38.22822207119,133.5935250854/38.22822207119,133.5977786255/38.22822207119,133.6020321655/38.22822207119,133.6062857056/38.22822207119,133.6105392456/38.22822207119,133.6147927856/38.22822207119,133.6190463257/38.22822207119,133.6232998657/38.22822207119,133.6275534058/38.22822207119,133.6318069458/38.22822207119,133.6360604858/38.22822207119,133.6403140259/38.22822207119
133.431890564/38.23114466365,133.436144104/38.23114466365,133.440397644/38.23114466365,133.4446511841/38.23114466365,133.4489047241/38.23114466365,133.4531582642/38.23114466365,133.4574118042/38.23114466365,133.4616653442/38.23114466365,133.4659188843/38.23114466365,133.4701724243/38.23114466365,133.4744259644/38.23114466365,133.4786795044/38.23114466365,133.4829330444/38.23114466365,133.4871865845/38.23114466365,133.4914401245/38.23114466365,133.4956936646/38.23114466365,133.4999472046/38.23114466365,133.5042007446/38.23114466365,133.5084542847/38.23114466365,133.5127078247/38.23114466365,133.5169613647/38.23114466365,133.5212149048/38.23114466365,133.5254684448/38.23114466365,133.5297219849/38.23114466365,133.5339755249/38.23114466365,133.5382290649/38.23114466365,133.542482605/38.23114466365,133.546736145/38.23114466365,133.5509896851/38.23114466365,133.5552432251/38.23114466365,133.5594967651/38.23114466365,133.5637503052/38.23114466365,133.5680038452/38.23114466365,133.5722573853/38.23114466365,133.5765109253/38.23114466365,133.5807644653/38.23114466365,133.5850180054/38.23114466365,133.5892715454/38.23114466365,133.5935250854/38.23114466365,133.5977786255/38.23114466365,133.6020321655/38.23114466365,133.6062857056/38.23114466365,133.6105392456/38.23114466365,133.6147927856/38.23114466365,133.6190463257/38.23114466365,133.6232998657/38.23114466365,133.6275534058/38.23114466365,133.6318069458/38.23114466365,133.6360604858/38.23114466365,133.6403140259/38.23114466365
133.431890564/38.23406713867,133.436144104/38.23406713867,133.440397644/38.23406713867,133.4446511841/38.23406713867,133.4489047241/38.23406713867,133.4531582642/38.23406713867,133.4574118042/38.23406713867,133.4616653442/38.23406713867,133.4659188843/38.23406713867,133.4701724243/38.23406713867,133.4744259644/38.23406713867,133.4786795044/38.23406713867,133.4829330444/38.23406713867,133.4871865845/38.23406713867,133.4914401245/38.23406713867,133.4956936646/38.23406713867,133.4999472046/38.23406713867,133.5042007446/38.23406713867,133.5084542847/38.23406713867,133.5127078247/38.23406713867,133.5169613647/38.23406713867,133.5212149048/38.23406713867,133.5254684448/38.23406713867,133.5297219849/38.23406713867,133.5339755249/38.23406713867,133.5382290649/38.23406713867,133.542482605/38.23406713867,133.546736145/38.23406713867,133.5509896851/38.23406713867,133.5552432251/38.23406713867,133.5594967651/38.23406713867,133.5637503052/38.23406713867,133.5680038452/38.23406713867,133.5722573853/38.23406713867,133.5765109253/38.23406713867,133.5807644653/38.23406713867,133.5850180054/38.23406713867,133.5892715454/38.23406713867,133.5935250854/38.23406713867,133.5977786255/38.23406713867,133.6020321655/38.23406713867,133.6062857056/38.23406713867,133.6105392456/38.23406713867,133.6147927856/38.23406713867,133.6190463257/38.23406713867,133.6232998657/38.23406713867,133.6275534058/38.23406713867,133.6318069458/38.23406713867,133.6360604858/38.23406713867,133.6403140259/38.23406713867
133.431890564/38.23698949625,133.436144104/38.23698949625,133.440397644/38.23698949625,133.4446511841/38.23698949625,133.4489047241/38.23698949625,133.4531582642/38.23698949625,133.4574118042/38.23698949625,133.4616653442/38.23698949625,133.4659188843/38.23698949625,133.4701724243/38.23698949625,133.4744259644/38.23698949625,133.4786795044/38.23698949625,133.4829330444/38.23698949625,133.4871865845/38.23698949625,133.4914401245/38.23698949625,133.4956936646/38.23698949625,133.4999472046/38.23698949625,133.5042007446/38.23698949625,133.5084542847/38.23698949625,133.5127078247/38.23698949625,133.5169613647/38.23698949625,133.5212149048/38.23698949625,133.5254684448/38.23698949625,133.5297219849/38.23698949625,133.5339755249/38.23698949625,133.5382290649/38.23698949625,133.542482605/38.23698949625,133.546736145/38.23698949625,133.5509896851/38.23698949625,133.5552432251/38.23698949625,133.5594967651/38.23698949625,133.5637503052/38.23698949625,133.5680038452/38.23698949625,133.5722573853/38.23698949625,133.5765109253/38.23698949625,133.5807644653/38.23698949625,133.5850180054/38.23698949625,133.5892715454/38.23698949625,133.5935250854/38.23698949625,133.5977786255/38.23698949625,133.6020321655/38.23698949625,133.6062857056/38.23698949625,133.6105392456/38.23698949625,133.6147927856/38.23698949625,133.6190463257/38.23698949625,133.6232998657/38.23698949625,133.6275534058/38.23698949625,133.6318069458/38.23698949625,133.6360604858/38.23698949625,133.6403140259/38.23698949625
133.431890564/38.23991173639,133.436144104/38.23991173639,133.440397644/38.23991173639,133.4446511841/38.23991173639,133.4489047241/38.23991173639,133.4531582642/38.23991173639,133.4574118042/38.23991173639,133.4616653442/38.23991173639,133.4659188843/38.23991173639,133.4701724243/38.23991173639,133.4744259644/38.23991173639,133.4786795044/38.23991173639,133.4829330444/38.23991173639,133.4871865845/38.23991173639,133.4914401245/38.23991173639,133.4956936646/38.23991173639,133.4999472046/38.23991173639,133.5042007446/38.23991173639,133.5084542847/38.23991173639,133.5127078247/38.23991173639,133.5169613647/38.23991173639,133.5212149048/38.23991173639,133.5254684448/38.23991173639,133.5297219849/38.23991173639,133.5339755249/38.23991173639,133.5382290649/38.23991173639,133.542482605/38.23991173639,133.546736145/38.23991173639,133.5509896851/38.23991173639,133.5552432251/38.23991173639,133.5594967651/38.23991173639,133.5637503052/38.23991173639,133.5680038452/38.23991173639,133.5722573853/38.23991173639,133.5765109253/38.23991173639,133.5807644653/38.23991173639,133.5850180054/38.23991173639,133.5892715454/38.23991173639,133.5935250854/38.23991173639,133.5977786255/38.23991173639,133.6020321655/38.23991173639,133.6062857056/38.23991173639,133.6105392456/38.23991173639,133.6147927856/38.23991173639,133.6190463257/38.23991173639,133.6232998657/38.23991173639,133.6275534058/38.23991173639,133.6318069458/38.23991173639,133.6360604858/38.23991173639,133.6403140259/38.23991173639
133.431890564/38.24283385908,133.436144104/38.24283385908,133.440397644/38.24283385908,133.4446511841/38.24283385908,133.4489047241/38.24283385908,133.4531582642/38.24283385908,133.4574118042/38.24283385908,133.4616653442/38.24283385908,133.4659188843/38.24283385908,133.4701724243/38.24283385908,133.4744259644/38.24283385908,133.4786795044/38.24283385908,133.4829330444/38.24283385908,133.4871865845/38.24283385908,133.4914401245/38.24283385908,133.4956936646/38.24283385908,133.4999472046/38.24283385908,133.5042007446/38.24283385908,133.5084542847/38.24283385908,133.5127078247/38.24283385908,133.5169613647/38.24283385908,133.5212149048/38.24283385908,133.5254684448/38.24283385908,133.5297219849/38.24283385908,133.5339755249/38.24283385908,133.5382290649/38.24283385908,133.542482605/38.24283385908,133.546736145/38.24283385908,133.5509896851/38.24283385908,133.5552432251/38.24283385908,133.5594967651/38.24283385908,133.5637503052/38.24283385908,133.5680038452/38.24283385908,133.5722573853/38.24283385908,133.5765109253/38.24283385908,133.5807644653/38.24283385908,133.5850180054/38.24283385908,133.5892715454/38.24283385908,133.5935250854/38.24283385908,133.5977786255/38.24283385908,133.6020321655/38.24283385908,133.6062857056/38.24283385908,133.6105392456/38.24283385908,133.6147927856/38.24283385908,133.6190463257/38.24283385908,133.6232998657/38.24283385908,133.6275534058/38.24283385908,133.6318069458/38.24283385908,133.6360604858/38.24283385908,133.6403140259/38.24283385908
133.431890564/38.24575586432,133.436144104/38.24575586432,133.440397644/38.24575586432,133.4446511841/38.24575586432,133.4489047241/38.24575586432,133.4531582642/38.24575586432,133.4574118042/38.24575586432,133.4616653442/38.24575586432,133.4659188843/38.24575586432,133.4701724243/38.24575586432,133.4744259644/38.24575586432,133.4786795044/38.24575586432,133.4829330444/38.24575586432,133.4871865845/38.24575586432,133.4914401245/38.24575586432,133.4956936646/38.24575586432,133.4999472046/38.24575586432,133.5042007446/38.24575586432,133.5084542847/38.24575586432,133.5127078247/38.24575586432,133.5169613647/38.24575586432,133.5212149048/38.24575586432,133.5254684448/38.24575586432,133.5297219849/38.24575586432,133.5339755249/38.24575586432,133.5382290649/38.24575586432,133.542482605/38.24575586432,133.546736145/38.24575586432,133.5509896851/38.24575586432,133.5552432251/38.24575586432,133.5594967651/38.24575586432,133.5637503052/38.24575586432,133.5680038452/38.24575586432,133.5722573853/38.24575586432,133.5765109253/38.24575586432,133.5807644653/38.24575586432,133.5850180054/38.24575586432,133.5892715454/38.24575586432,133.5935250854/38.24575586432,133.5977786255/38.24575586432,133.6020321655/38.24575586432,133.6062857056/38.24575586432,133.6105392456/38.24575586432,133.6147927856/38.24575586432,133.6190463257/38.24575586432,133.6232998657/38.24575586432,133.6275534058/38.24575586432,133.6318069458/38.24575586432,133.6360604858/38.24575586432,133.6403140259/38.24575586432
133.431890564/38.2486777521,133.436144104/38.2486777521,133.440397644/38.2486777521,133.4446511841/38.2486777521,133.4489047241/38.2486777521,133.4531582642/38.2486777521,133.4574118042/38.2486777521,133.4616653442/38.2486777521,133.4659188843/38.2486777521,133.4701724243/38.2486777521,133.4744259644/38.2486777521,133.4786795044/38.2486777521,133.4829330444/38.2486777521,133.4871865845/38.2486777521,133.4914401245/38.2486777521,133.4956936646/38.2486777521,133.4999472046/38.2486777521,133.5042007446/38.2486777521,133.5084542847/38.2486777521,133.5127078247/38.2486777521,133.5169613647/38.2486777521,133.5212149048/38.2486777521,133.5254684448/38.2486777521,133.5297219849/38.2486777521,133.5339755249/38.2486777521,133.5382290649/38.2486777521,133.542482605/38.2486777521,133.546736145/38.2486777521,133.5509896851/38.2486777521,133.5552432251/38.2486777521,133.5594967651/38.2486777521,133.5637503052/38.2486777521,133.5680038452/38.2486777521,133.5722573853/38.2486777521,133.5765109253/38.2486777521,133.5807644653/38.2486777521,133.5850180054/38.2486777521,133.5892715454/38.2486777521,133.5935250854/38.2486777521,133.5977786255/38.2486777521,133.6020321655/38.2486777521,133.6062857056/38.2486777521,133.6105392456/38.2486777521,133.6147927856/38.2486777521,133.6190463257/38.2486777521,133.6232998657/38.2486777521,133.6275534058/38.2486777521,133.6318069458/38.2486777521,133.6360604858/38.2486777521,133.6403140259/38.2486777521
133.431890564/38.25159952243,133.436144104/38.25159952243,133.440397644/38.25159952243,133.4446511841/38.25159952243,133.4489047241/38.25159952243,133.4531582642/38.25159952243,133.4574118042/38.25159952243,133.4616653442/38.25159952243,133.4659188843/38.25159952243,133.4701724243/38.25159952243,133.4744259644/38.25159952243,133.4786795044/38.25159952243,133.4829330444/38.25159952243,133.4871865845/38.25159952243,133.4914401245/38.25159952243,133.4956936646/38.25159952243,133.4999472046/38.25159952243,133.5042007446/38.25159952243,133.5084542847/38.25159952243,133.5127078247/38.25159952243,133.5169613647/38.25159952243,133.5212149048/38.25159952243,133.5254684448/38.25159952243,133.5297219849/38.25159952243,133.5339755249/38.25159952243,133.5382290649/38.25159952243,133.542482605/38.25159952243,133.546736145/38.25159952243,133.5509896851/38.25159952243,133.5552432251/38.25159952243,133.5594967651/38.25159952243,133.5637503052/38.25159952243,133.5680038452/38.25159952243,133.5722573853/38.25159952243,133.5765109253/38.25159952243,133.5807644653/38.25159952243,133.5850180054/38.25159952243,133.5892715454/38.25159952243,133.5935250854/38.25159952243,133.5977786255/38.25159952243,133.6020321655/38.25159952243,133.6062857056/38.25159952243,133.6105392456/38.25159952243,133.6147927856/38.25159952243,133.6190463257/38.25159952243,133.6232998657/38.25159952243,133.6275534058/38.25159952243,133.6318069458/38.25159952243,133.6360604858/38.25159952243,133.6403140259/38.25159952243
133.431890564/38.25452117529,133.436144104/38.25452117529,133.440397644/38.25452117529,133.4446511841/38.25452117529,133.4489047241/38.25452117529,133.4531582642/38.25452117529,133.4574118042/38.25452117529,133.4616653442/38.25452117529,133.4659188843/38.25452117529,133.4701724243/38.25452117529,133.4744259644/38.25452117529,133.4786795044/38.25452117529,133.4829330444/38.25452117529,133.4871865845/38.25452117529,133.4914401245/38.25452117529,133.4956936646/38.25452117529,133.4999472046/38.25452117529,133.5042007446/38.25452117529,133.5084542847/38.25452117529,133.5127078247/38.25452117529,133.5169613647/38.25452117529,133.5212149048/38.25452117529,133.5254684448/38.25452117529,133.5297219849/38.25452117529,133.5339755249/38.25452117529,133.5382290649/38.25452117529,133.542482605/38.25452117529,133.546736145/38.25452117529,133.5509896851/38.25452117529,133.5552432251/38.25452117529,133.5594967651/38.25452117529,133.5637503052/38.25452117529,133.5680038452/38.25452117529,133.5722573853/38.25452117529,133.5765109253/38.25452117529,133.5807644653/38.25452117529,133.5850180054/38.25452117529,133.5892715454/38.25452117529,133.5935250854/38.25452117529,133.5977786255/38.25452117529,133.6020321655/38.25452117529,133.6062857056/38.25452117529,133.6105392456/38.25452117529,133.6147927856/38.25452117529,133.6190463257/38.25452117529,133.6232998657/38.25452117529,133.6275534058/38.25452117529,133.6318069458/38.25452117529,133.6360604858/38.25452117529,133.6403140259/38.25452117529
133.431890564/38.2574427107,133.436144104/38.2574427107,133.440397644/38.2574427107,133.4446511841/38.2574427107,133.4489047241/38.2574427107,133.4531582642/38.2574427107,133.4574118042/38.2574427107,133.4616653442/38.2574427107,133.4659188843/38.2574427107,133.4701724243/38.2574427107,133.4744259644/38.2574427107,133.4786795044/38.2574427107,133.4829330444/38.2574427107,133.4871865845/38.2574427107,133.4914401245/38.2574427107,133.4956936646/38.2574427107,133.4999472046/38.2574427107,133.5042007446/38.2574427107,133.5084542847/38.2574427107,133.5127078247/38.2574427107,133.5169613647/38.2574427107,133.5212149048/38.2574427107,133.5254684448/38.2574427107,133.5297219849/38.2574427107,133.5339755249/38.2574427107,133.5382290649/38.2574427107,133.542482605/38.2574427107,133.546736145/38.2574427107,133.5509896851/38.2574427107,133.5552432251/38.2574427107,133.5594967651/38.2574427107,133.5637503052/38.2574427107,133.5680038452/38.2574427107,133.5722573853/38.2574427107,133.5765109253/38.2574427107,133.5807644653/38.2574427107,133.5850180054/38.2574427107,133.5892715454/38.2574427107,133.5935250854/38.2574427107,133.5977786255/38.2574427107,133.6020321655/38.2574427107,133.6062857056/38.2574427107,133.6105392456/38.2574427107,133.6147927856/38.2574427107,133.6190463257/38.2574427107,133.6232998657/38.2574427107,133.6275534058/38.2574427107,133.6318069458/38.2574427107,133.6360604858/38.2574427107,133.6403140259/38.2574427107
133.431890564/38.26036412864,133.436144104/38.26036412864,133.440397644/38.26036412864,133.4446511841/38.26036412864,133.4489047241/38.26036412864,133.4531582642/38.26036412864,133.4574118042/38.26036412864,133.4616653442/38.26036412864,133.4659188843/38.26036412864,133.4701724243/38.26036412864,133.4744259644/38.26036412864,133.4786795044/38.26036412864,133.4829330444/38.26036412864,133.4871865845/38.26036412864,133.4914401245/38.26036412864,133.4956936646/38.26036412864,133.4999472046/38.26036412864,133.5042007446/38.26036412864,133.5084542847/38.26036412864,133.5127078247/38.26036412864,133.5169613647/38.26036412864,133.5212149048/38.26036412864,133.5254684448/38.26036412864,133.5297219849/38.26036412864,133.5339755249/38.26036412864,133.5382290649/38.26036412864,133.542482605/38.26036412864,133.546736145/38.26036412864,133.5509896851/38.26036412864,133.5552432251/38.26036412864,133.5594967651/38.26036412864,133.5637503052/38.26036412864,133.5680038452/38.26036412864,133.5722573853/38.26036412864,133.5765109253/38.26036412864,133.5807644653/38.26036412864,133.5850180054/38.26036412864,133.5892715454/38.26036412864,133.5935250854/38.26036412864,133.5977786255/38.26036412864,133.6020321655/38.26036412864,133.6062857056/38.26036412864,133.6105392456/38.26036412864,133.6147927856/38.26036412864,133.6190463257/38.26036412864,133.6232998657/38.26036412864,133.6275534058/38.26036412864,133.6318069458/38.26036412864,133.6360604858/38.26036412864,133.6403140259/38.26036412864
133.431890564/38.26328542911,133.436144104/38.26328542911,133.440397644/38.26328542911,133.4446511841/38.26328542911,133.4489047241/38.26328542911,133.4531582642/38.26328542911,133.4574118042/38.26328542911,133.4616653442/38.26328542911,133.4659188843/38.26328542911,133.4701724243/38.26328542911,133.4744259644/38.26328542911,133.4786795044/38.26328542911,133.4829330444/38.26328542911,133.4871865845/38.26328542911,133.4914401245/38.26328542911,133.4956936646/38.26328542911,133.4999472046/38.26328542911,133.5042007446/38.26328542911,133.5084542847/38.26328542911,133.5127078247/38.26328542911,133.5169613647/38.26328542911,133.5212149048/38.26328542911,133.5254684448/38.26328542911,133.5297219849/38.26328542911,133.5339755249/38.26328542911,133.5382290649/38.26328542911,133.542482605/38.26328542911,133.546736145/38.26328542911,133.5509896851/38.26328542911,133.5552432251/38.26328542911,133.5594967651/38.26328542911,133.5637503052/38.26328542911,133.5680038452/38.26328542911,133.5722573853/38.26328542911,133.5765109253/38.26328542911,133.5807644653/38.26328542911,133.5850180054/38.26328542911,133.5892715454/38.26328542911,133.5935250854/38.26328542911,133.5977786255/38.26328542911,133.6020321655/38.26328542911,133.6062857056/38.26328542911,133.6105392456/38.26328542911,133.6147927856/38.26328542911,133.6190463257/38.26328542911,133.6232998657/38.26328542911,133.6275534058/38.26328542911,133.6318069458/38.26328542911,133.6360604858/38.26328542911,133.6403140259/38.26328542911
133.431890564/38.26620661211,133.436144104/38.26620661211,133.440397644/38.26620661211,133.4446511841/38.26620661211,133.4489047241/38.26620661211,133.4531582642/38.26620661211,133.4574118042/38.26620661211,133.4616653442/38.26620661211,133.4659188843/38.26620661211,133.4701724243/38.26620661211,133.4744259644/38.26620661211,133.4786795044/38.26620661211,133.4829330444/38.26620661211,133.4871865845/38.26620661211,133.4914401245/38.26620661211,133.4956936646/38.26620661211,133.4999472046/38.26620661211,133.5042007446/38.26620661211,133.5084542847/38.26620661211,133.5127078247/38.26620661211,133.5169613647/38.26620661211,133.5212149048/38.26620661211,133.5254684448/38.26620661211,133.5297219849/38.26620661211,133.5339755249/38.26620661211,133.5382290649/38.26620661211,133.542482605/38.26620661211,133.546736145/38.26620661211,133.5509896851/38.26620661211,133.5552432251/38.26620661211,133.5594967651/38.26620661211,133.5637503052/38.26620661211,133.5680038452/38.26620661211,133.5722573853/38.26620661211,133.5765109253/38.26620661211,133.5807644653/38.26620661211,133.5850180054/38.26620661211,133.5892715454/38.26620661211,133.5935250854/38.26620661211,133.5977786255/38.26620661211,133.6020321655/38.26620661211,133.6062857056/38.26620661211,133.6105392456/38.26620661211,133.6147927856/38.26620661211,133.6190463257/38.26620661211,133.6232998657/38.26620661211,133.6275534058/38.26620661211,133.6318069458/38.26620661211,133.6360604858/38.26620661211,133.6403140259/38.26620661211
133.431890564/38.26912767764,133.436144104/38.26912767764,133.440397644/38.26912767764,133.4446511841/38.26912767764,133.4489047241/38.26912767764,133.4531582642/38.26912767764,133.4574118042/38.26912767764,133.4616653442/38.26912767764,133.4659188843/38.26912767764,133.4701724243/38.26912767764,133.4744259644/38.26912767764,133.4786795044/38.26912767764,133.4829330444/38.26912767764,133.4871865845/38.26912767764,133.4914401245/38.26912767764,133.4956936646/38.26912767764,133.4999472046/38.26912767764,133.5042007446/38.26912767764,133.5084542847/38.26912767764,133.5127078247/38.26912767764,133.5169613647/38.26912767764,133.5212149048/38.26912767764,133.5254684448/38.26912767764,133.5297219849/38.26912767764,133.5339755249/38.26912767764,133.5382290649/38.26912767764,133.542482605/38.26912767764,133.546736145/38.26912767764,133.5509896851/38.26912767764,133.5552432251/38.26912767764,133.5594967651/38.26912767764,133.5637503052/38.26912767764,133.5680038452/38.26912767764,133.5722573853/38.26912767764,133.5765109253/38.26912767764,133.5807644653/38.26912767764,133.5850180054/38.26912767764,133.5892715454/38.26912767764,133.5935250854/38.26912767764,133.5977786255/38.26912767764,133.6020321655/38.26912767764,133.6062857056/38.26912767764,133.6105392456/38.26912767764,133.6147927856/38.26912767764,133.6190463257/38.26912767764,133.6232998657/38.26912767764,133.6275534058/38.26912767764,133.6318069458/38.26912767764,133.6360604858/38.26912767764,133.6403140259/38.26912767764
133.431890564/38.27204862568,133.436144104/38.27204862568,133.440397644/38.27204862568,133.4446511841/38.27204862568,133.4489047241/38.27204862568,133.4531582642/38.27204862568,133.4574118042/38.27204862568,133.4616653442/38.27204862568,133.4659188843/38.27204862568,133.4701724243/38.27204862568,133.4744259644/38.27204862568,133.4786795044/38.27204862568,133.4829330444/38.27204862568,133.4871865845/38.27204862568,133.4914401245/38.27204862568,133.4956936646/38.27204862568,133.4999472046/38.27204862568,133.5042007446/38.27204862568,133.5084542847/38.27204862568,133.5127078247/38.27204862568,133.5169613647/38.27204862568,133.5212149048/38.27204862568,133.5254684448/38.27204862568,133.5297219849/38.27204862568,133.5339755249/38.27204862568,133.5382290649/38.27204862568,133.542482605/38.27204862568,133.546736145/38.27204862568,133.5509896851/38.27204862568,133.5552432251/38.27204862568,133.5594967651/38.27204862568,133.5637503052/38.27204862568,133.5680038452/38.27204862568,133.5722573853/38.27204862568,133.5765109253/38.27204862568,133.5807644653/38.27204862568,133.5850180054/38.27204862568,133.5892715454/38.27204862568,133.5935250854/38.27204862568,133.5977786255/38.27204862568,133.6020321655/38.27204862568,133.6062857056/38.27204862568,133.6105392456/38.27204862568,133.6147927856/38.27204862568,133.6190463257/38.27204862568,133.6232998657/38.27204862568,133.6275534058/38.27204862568,133.6318069458/38.27204862568,133.6360604858/38.27204862568,133.6403140259/38.27204862568
133.431890564/38.27496945625,133.436144104/38.27496945625,133.440397644/38.27496945625,133.4446511841/38.27496945625,133.4489047241/38.27496945625,133.4531582642/38.27496945625,133.4574118042/38.27496945625,133.4616653442/38.27496945625,133.4659188843/38.27496945625,133.4701724243/38.27496945625,133.4744259644/38.27496945625,133.4786795044/38.27496945625,133.4829330444/38.27496945625,133.4871865845/38.27496945625,133.4914401245/38.27496945625,133.4956936646/38.27496945625,133.4999472046/38.27496945625,133.5042007446/38.27496945625,133.5084542847/38.27496945625,133.5127078247/38.27496945625,133.5169613647/38.27496945625,133.5212149048/38.27496945625,133.5254684448/38.27496945625,133.5297219849/38.27496945625,133.5339755249/38.27496945625,133.5382290649/38.27496945625,133.542482605/38.27496945625,133.546736145/38.27496945625,133.5509896851/38.27496945625,133.5552432251/38.27496945625,133.5594967651/38.27496945625,133.5637503052/38.27496945625,133.5680038452/38.27496945625,133.5722573853/38.27496945625,133.5765109253/38.27496945625,133.5807644653/38.27496945625,133.5850180054/38.27496945625,133.5892715454/38.27496945625,133.5935250854/38.27496945625,133.5977786255/38.27496945625,133.6020321655/38.27496945625,133.6062857056/38.27496945625,133.6105392456/38.27496945625,133.6147927856/38.27496945625,133.6190463257/38.27496945625,133.6232998657/38.27496945625,133.6275534058/38.27496945625,133.6318069458/38.27496945625,133.6360604858/38.27496945625,133.6403140259/38.27496945625
133.431890564/38.27789016934,133.436144104/38.27789016934,133.440397644/38.27789016934,133.4446511841/38.27789016934,133.4489047241/38.27789016934,133.4531582642/38.27789016934,133.4574118042/38.27789016934,133.4616653442/38.27789016934,133.4659188843/38.27789016934,133.4701724243/38.27789016934,133.4744259644/38.27789016934,133.4786795044/38.27789016934,133.4829330444/38.27789016934,133.4871865845/38.27789016934,133.4914401245/38.27789016934,133.4956936646/38.27789016934,133.4999472046/38.27789016934,133.5042007446/38.27789016934,133.5084542847/38.27789016934,133.5127078247/38.27789016934,133.5169613647/38.27789016934,133.5212149048/38.27789016934,133.5254684448/38.27789016934,133.5297219849/38.27789016934,133.5339755249/38.27789016934,133.5382290649/38.27789016934,133.542482605/38.27789016934,133.546736145/38.27789016934,133.5509896851/38.27789016934,133.5552432251/38.27789016934,133.5594967651/38.27789016934,133.5637503052/38.27789016934,133.5680038452/38.27789016934,133.5722573853/38.27789016934,133.5765109253/38.27789016934,133.5807644653/38.27789016934,133.5850180054/38.27789016934,133.5892715454/38.27789016934,133.5935250854/38.27789016934,133.5977786255/38.27789016934,133.6020321655/38.27789016934,133.6062857056/38.27789016934,133.6105392456/38.27789016934,133.6147927856/38.27789016934,133.6190463257/38.27789016934,133.6232998657/38.27789016934,133.6275534058/38.27789016934,133.6318069458/38.27789016934,133.6360604858/38.27789016934,133.6403140259/38.27789016934
133.431890564/38.28081076494,133.436144104/38.28081076494,133.440397644/38.28081076494,133.4446511841/38.28081076494,133.4489047241/38.28081076494,133.4531582642/38.28081076494,133.4574118042/38.28081076494,133.4616653442/38.28081076494,133.4659188843/38.28081076494,133.4701724243/38.28081076494,133.4744259644/38.28081076494,133.4786795044/38.28081076494,133.4829330444/38.28081076494,133.4871865845/38.28081076494,133.4914401245/38.28081076494,133.4956936646/38.28081076494,133.4999472046/38.28081076494,133.5042007446/38.28081076494,133.5084542847/38.28081076494,133.5127078247/38.28081076494,133.5169613647/38.28081076494,133.5212149048/38.28081076494,133.5254684448/38.28081076494,133.5297219849/38.28081076494,133.5339755249/38.28081076494,133.5382290649/38.28081076494,133.542482605/38.28081076494,133.546736145/38.28081076494,133.5509896851/38.28081076494,133.5552432251/38.28081076494,133.5594967651/38.28081076494,133.5637503052/38.28081076494,133.5680038452/38.28081076494,133.5722573853/38.28081076494,133.5765109253/38.28081076494,133.5807644653/38.28081076494,133.5850180054/38.28081076494,133.5892715454/38.28081076494,133.5935250854/38.28081076494,133.5977786255/38.28081076494,133.6020321655/38.28081076494,133.6062857056/38.28081076494,133.6105392456/38.28081076494,133.6147927856/38.28081076494,133.6190463257/38.28081076494,133.6232998657/38.28081076494,133.6275534058/38.28081076494,133.6318069458/38.28081076494,133.6360604858/38.28081076494,133.6403140259/38.28081076494
133.431890564/38.28373124306,133.436144104/38.28373124306,133.440397644/38.28373124306,133.4446511841/38.28373124306,133.4489047241/38.28373124306,133.4531582642/38.28373124306,133.4574118042/38.28373124306,133.4616653442/38.28373124306,133.4659188843/38.28373124306,133.4701724243/38.28373124306,133.4744259644/38.28373124306,133.4786795044/38.28373124306,133.4829330444/38.28373124306,133.4871865845/38.28373124306,133.4914401245/38.28373124306,133.4956936646/38.28373124306,133.4999472046/38.28373124306,133.5042007446/38.28373124306,133.5084542847/38.28373124306,133.5127078247/38.28373124306,133.5169613647/38.28373124306,133.5212149048/38.28373124306,133.5254684448/38.28373124306,133.5297219849/38.28373124306,133.5339755249/38.28373124306,133.5382290649/38.28373124306,133.542482605/38.28373124306,133.546736145/38.28373124306,133.5509896851/38.28373124306,133.5552432251/38.28373124306,133.5594967651/38.28373124306,133.5637503052/38.28373124306,133.5680038452/38.28373124306,133.5722573853/38.28373124306,133.5765109253/38.28373124306,133.5807644653/38.28373124306,133.5850180054/38.28373124306,133.5892715454/38.28373124306,133.5935250854/38.28373124306,133.5977786255/38.28373124306,133.6020321655/38.28373124306,133.6062857056/38.28373124306,133.6105392456/38.28373124306,133.6147927856/38.28373124306,133.6190463257/38.28373124306,133.6232998657/38.28373124306,133.6275534058/38.28373124306,133.6318069458/38.28373124306,133.6360604858/38.28373124306,133.6403140259/38.28373124306
133.431890564/38.28665160368,133.436144104/38.28665160368,133.440397644/38.28665160368,133.4446511841/38.28665160368,133.4489047241/38.28665160368,133.4531582642/38.28665160368,133.4574118042/38.28665160368,133.4616653442/38.28665160368,133.4659188843/38.28665160368,133.4701724243/38.28665160368,133.4744259644/38.28665160368,133.4786795044/38.28665160368,133.4829330444/38.28665160368,133.4871865845/38.28665160368,133.4914401245/38.28665160368,133.4956936646/38.28665160368,133.4999472046/38.28665160368,133.5042007446/38.28665160368,133.5084542847/38.28665160368,133.5127078247/38.28665160368,133.5169613647/38.28665160368,133.5212149048/38.28665160368,133.5254684448/38.28665160368,133.5297219849/38.28665160368,133.5339755249/38.28665160368,133.5382290649/38.28665160368,133.542482605/38.28665160368,133.546736145/38.28665160368,133.5509896851/38.28665160368,133.5552432251/38.28665160368,133.5594967651/38.28665160368,133.5637503052/38.28665160368,133.5680038452/38.28665160368,133.5722573853/38.28665160368,133.5765109253/38.28665160368,133.5807644653/38.28665160368,133.5850180054/38.28665160368,133.5892715454/38.28665160368,133.5935250854/38.28665160368,133.5977786255/38.28665160368,133.6020321655/38.28665160368,133.6062857056/38.28665160368,133.6105392456/38.28665160368,133.6147927856/38.28665160368,133.6190463257/38.28665160368,133.6232998657/38.28665160368,133.6275534058/38.28665160368,133.6318069458/38.28665160368,133.6360604858/38.28665160368,133.6403140259/38.28665160368
133.431890564/38.28957184681,133.436144104/38.28957184681,133.440397644/38.28957184681,133.4446511841/38.28957184681,133.4489047241/38.28957184681,133.4531582642/38.28957184681,133.4574118042/38.28957184681,133.4616653442/38.28957184681,133.4659188843/38.28957184681,133.4701724243/38.28957184681,133.4744259644/38.28957184681,133.4786795044/38.28957184681,133.4829330444/38.28957184681,133.4871865845/38.28957184681,133.4914401245/38.28957184681,133.4956936646/38.28957184681,133.4999472046/38.28957184681,133.5042007446/38.28957184681,133.5084542847/38.28957184681,133.5127078247/38.28957184681,133.5169613647/38.28957184681,133.5212149048/38.28957184681,133.5254684448/38.28957184681,133.5297219849/38.28957184681,133.5339755249/38.28957184681,133.5382290649/38.28957184681,133.542482605/38.28957184681,133.546736145/38.28957184681,133.5509896851/38.28957184681,133.5552432251/38.28957184681,133.5594967651/38.28957184681,133.5637503052/38.28957184681,133.5680038452/38.28957184681,133.5722573853/38.28957184681,133.5765109253/38.28957184681,133.5807644653/38.28957184681,133.5850180054/38.28957184681,133.5892715454/38.28957184681,133.5935250854/38.28957184681,133.5977786255/38.28957184681,133.6020321655/38.28957184681,133.6062857056/38.28957184681,133.6105392456/38.28957184681,133.6147927856/38.28957184681,133.6190463257/38.28957184681,133.6232998657/38.28957184681,133.6275534058/38.28957184681,133.6318069458/38.28957184681,133.6360604858/38.28957184681,133.6403140259/38.28957184681
133.431890564/38.29249197244,133.436144104/38.29249197244,133.440397644/38.29249197244,133.4446511841/38.29249197244,133.4489047241/38.29249197244,133.4531582642/38.29249197244,133.4574118042/38.29249197244,133.4616653442/38.29249197244,133.4659188843/38.29249197244,133.4701724243/38.29249197244,133.4744259644/38.29249197244,133.4786795044/38.29249197244,133.4829330444/38.29249197244,133.4871865845/38.29249197244,133.4914401245/38.29249197244,133.4956936646/38.29249197244,133.4999472046/38.29249197244,133.5042007446/38.29249197244,133.5084542847/38.29249197244,133.5127078247/38.29249197244,133.5169613647/38.29249197244,133.5212149048/38.29249197244,133.5254684448/38.29249197244,133.5297219849/38.29249197244,133.5339755249/38.29249197244,133.5382290649/38.29249197244,133.542482605/38.29249197244,133.546736145/38.29249197244,133.5509896851/38.29249197244,133.5552432251/38.29249197244,133.5594967651/38.29249197244,133.5637503052/38.29249197244,133.5680038452/38.29249197244,133.5722573853/38.29249197244,133.5765109253/38.29249197244,133.5807644653/38.29249197244,133.5850180054/38.29249197244,133.5892715454/38.29249197244,133.5935250854/38.29249197244,133.5977786255/38.29249197244,133.6020321655/38.29249197244,133.6062857056/38.29249197244,133.6105392456/38.29249197244,133.6147927856/38.29249197244,133.6190463257/38.29249197244,133.6232998657/38.29249197244,133.6275534058/38.29249197244,133.6318069458/38.29249197244,133.6360604858/38.29249197244,133.6403140259/38.29249197244
133.431890564/38.29541198057,133.436144104/38.29541198057,133.440397644/38.29541198057,133.4446511841/38.29541198057,133.4489047241/38.29541198057,133.4531582642/38.29541198057,133.4574118042/38.29541198057,133.4616653442/38.29541198057,133.4659188843/38.29541198057,133.4701724243/38.29541198057,133.4744259644/38.29541198057,133.4786795044/38.29541198057,133.4829330444/38.29541198057,133.4871865845/38.29541198057,133.4914401245/38.29541198057,133.4956936646/38.29541198057,133.4999472046/38.29541198057,133.5042007446/38.29541198057,133.5084542847/38.29541198057,133.5127078247/38.29541198057,133.5169613647/38.29541198057,133.5212149048/38.29541198057,133.5254684448/38.29541198057,133.5297219849/38.29541198057,133.5339755249/38.29541198057,133.5382290649/38.29541198057,133.542482605/38.29541198057,133.546736145/38.29541198057,133.5509896851/38.29541198057,133.5552432251/38.29541198057,133.5594967651/38.29541198057,133.5637503052/38.29541198057,133.5680038452/38.29541198057,133.5722573853/38.29541198057,133.5765109253/38.29541198057,133.5807644653/38.29541198057,133.5850180054/38.29541198057,133.5892715454/38.29541198057,133.5935250854/38.29541198057,133.5977786255/38.29541198057,133.6020321655/38.29541198057,133.6062857056/38.29541198057,133.6105392456/38.29541198057,133.6147927856/38.29541198057,133.6190463257/38.29541198057,133.6232998657/38.29541198057,133.6275534058/38.29541198057,133.6318069458/38.29541198057,133.6360604858/38.29541198057,133.6403140259/38.29541198057
133.431890564/38.2983318712,133.436144104/38.2983318712,133.440397644/38.2983318712,133.4446511841/38.2983318712,133.4489047241/38.2983318712,133.4531582642/38.2983318712,133.4574118042/38.2983318712,133.4616653442/38.2983318712,133.4659188843/38.2983318712,133.4701724243/38.2983318712,133.4744259644/38.2983318712,133.4786795044/38.2983318712,133.4829330444/38.2983318712,133.4871865845/38.2983318712,133.4914401245/38.2983318712,133.4956936646/38.2983318712,133.4999472046/38.2983318712,133.5042007446/38.2983318712,133.5084542847/38.2983318712,133.5127078247/38.2983318712,133.5169613647/38.2983318712,133.5212149048/38.2983318712,133.5254684448/38.2983318712,133.5297219849/38.2983318712,133.5339755249/38.2983318712,133.5382290649/38.2983318712,133.542482605/38.2983318712,133.546736145/38.2983318712,133.5509896851/38.2983318712,133.5552432251/38.2983318712,133.5594967651/38.2983318712,133.5637503052/38.2983318712,133.5680038452/38.2983318712,133.5722573853/38.2983318712,133.5765109253/38.2983318712,133.5807644653/38.2983318712,133.5850180054/38.2983318712,133.5892715454/38.2983318712,133.5935250854/38.2983318712,133.5977786255/38.2983318712,133.6020321655/38.2983318712,133.6062857056/38.2983318712,133.6105392456/38.2983318712,133.6147927856/38.2983318712,133.6190463257/38.2983318712,133.6232998657/38.2983318712,133.6275534058/38.2983318712,133.6318069458/38.2983318712,133.6360604858/38.2983318712,133.6403140259/38.2983318712
133.431890564/38.30125164432,133.436144104/38.30125164432,133.440397644/38.30125164432,133.4446511841/38.30125164432,133.4489047241/38.30125164432,133.4531582642/38.30125164432,133.4574118042/38.30125164432,133.4616653442/38.30125164432,133.4659188843/38.30125164432,133.4701724243/38.30125164432,133.4744259644/38.30125164432,133.4786795044/38.30125164432,133.4829330444/38.30125164432,133.4871865845/38.30125164432,133.4914401245/38.30125164432,133.4956936646/38.30125164432,133.4999472046/38.30125164432,133.5042007446/38.30125164432,133.5084542847/38.30125164432,133.5127078247/38.30125164432,133.5169613647/38.30125164432,133.5212149048/38.30125164432,133.5254684448/38.30125164432,133.5297219849/38.30125164432,133.5339755249/38.30125164432,133.5382290649/38.30125164432,133.542482605/38.30125164432,133.546736145/38.30125164432,133.5509896851/38.30125164432,133.5552432251/38.30125164432,133.5594967651/38.30125164432,133.5637503052/38.30125164432,133.5680038452/38.30125164432,133.5722573853/38.30125164432,133.5765109253/38.30125164432,133.5807644653/38.30125164432,133.5850180054/38.30125164432,133.5892715454/38.30125164432,133.5935250854/38.30125164432,133.5977786255/38.30125164432,133.6020321655/38.30125164432,133.6062857056/38.30125164432,133.6105392456/38.30125164432,133.6147927856/38.30125164432,133.6190463257/38.30125164432,133.6232998657/38.30125164432,133.6275534058/38.30125164432,133.6318069458/38.30125164432,133.6360604858/38.30125164432,133.6403140259/38.30125164432
